[
    {
        "sno": "1",
        "name": "hyderabad"
    },
    {
        "sno": "2",
        "name": "bengalur"
    },
    {
        "sno": "3",
        "name": "manthani"
    },
    {
        "sno": "4",
        "name": "godavarikhani"
    },
    {
        "sno": "5",
        "name": "delhi"
    },
    {
        "sno": "6",
        "name": "karnataka"
    },
    {
        "sno": "7",
        "name": "mumbai"
    },
    {
        "sno": "8",
        "name": "assam"
    },
    {
        "sno": "9",
        "name": "chathisghad"
    },
    {
        "sno": "10",
        "name": "oddisa"
    }
]